{
    "wild_type": {
        "cai": 0.21956145353811773,
        "tai": 0.11206523826583425,
        "codon_pair_bias": 0.2602206331252007,
        "mfe": -254.60000610351562,
        "restriction_sites": 0
    },
    "optimized": {
        "cai": 0.012606232526333416,
        "tai": 0.41713807942914893,
        "codon_pair_bias": 0.4617536305906623,
        "mfe": -254.60000610351562,
        "restriction_sites": 0
    }
}